{
  "gpu_device": "NVIDIA GeForce RTX 5060 Ti",
  "param_mode": "local",
  "random_samples": null,
  "local_center": {
    "bias": 0.6402367534330917,
    "a20": 0.6531946521985309,
    "a60": -0.1855224750712864,
    "b_rv": 0.10667538656413637,
    "b_dd": 0.04375623664946185,
    "temp": 0.2060881120542743,
    "floor": 0.1634529569938518,
    "ceil": 0.8598245060820526
  },
  "proxy_candidates_evaluated": 1400000,
  "proxy_candidates_ranked": 6720,
  "full_candidates_evaluated": 100,
  "gate_ok_count_full": 72,
  "strict_match_candidate": null,
  "nearest_gate_candidate": {
    "candidate_id": "G1-414909",
    "gate_ok_2y": true,
    "score": -62.42151083782048,
    "short_penalty_sum": 96.91501797962145,
    "short_excess_sum": 325.7508461406923,
    "long_diff_2y_vs_ov": 95.9211263865866,
    "bias": 1.0417928903757518,
    "a20": 0.7873958229409063,
    "a60": -0.2272100999349241,
    "b_rv": 0.073629614577192,
    "b_dd": 0.0,
    "temp": 0.04197113055391072,
    "floor": 0.25137670283603175,
    "ceil": 0.9895943308425738,
    "1m_ret": 92.10640599039952,
    "1m_mdd": 7.72,
    "2m_ret": 152.84636882202057,
    "2m_mdd": 24.41,
    "3m_ret": 158.58731936212962,
    "3m_mdd": 25.09,
    "4m_ret": 257.8541919647251,
    "4m_mdd": 25.09,
    "5m_ret": 434.5805021188004,
    "5m_mdd": 25.09,
    "6m_ret": 398.581837466973,
    "6m_mdd": 25.09,
    "1y_ret": 1080.669870101364,
    "1y_mdd": 50.77,
    "2y_ret": 943.5267999999999,
    "2y_mdd": 62.85
  },
  "reports": {
    "proxy_csv": "/home/chewy/projects/trading-compose-dev/hybrid_c_ov_research_v1/reports_gpu1/gpu_proxy_ranked.csv",
    "full_csv": "/home/chewy/projects/trading-compose-dev/hybrid_c_ov_research_v1/reports_gpu1/gpu_full_validated.csv"
  }
}