{
  "gpu_device": "NVIDIA GeForce RTX 5060 Ti",
  "param_mode": "local",
  "random_samples": null,
  "local_center": {
    "bias": 5.613500129003333,
    "a20": 0.13322290278341634,
    "a60": -0.14978923950980383,
    "b_rv": 0.045378776655056054,
    "b_dd": 0.011551175233580313,
    "temp": 0.28485560299273727,
    "floor": 0.01714487698580607,
    "ceil": 0.757395951331836
  },
  "proxy_candidates_evaluated": 1200000,
  "proxy_candidates_ranked": 4320,
  "full_candidates_evaluated": 60,
  "gate_ok_count_full": 34,
  "strict_match_candidate": null,
  "nearest_gate_candidate": {
    "candidate_id": "G1-672679",
    "gate_ok_2y": true,
    "score": -10.663920048252212,
    "short_penalty_sum": 46.42981745018837,
    "short_excess_sum": 353.1606487420442,
    "long_diff_2y_vs_ov": 22.49162638658663,
    "bias": 5.140789134266736,
    "a20": 0.12896250377493199,
    "a60": -0.17454757150247768,
    "b_rv": 0.024382825345530743,
    "b_dd": 0.0146151202175128,
    "temp": 0.03,
    "floor": 0.00492789486384981,
    "ceil": 0.8719630501278259,
    "1m_ret": 102.56993704256674,
    "1m_mdd": 9.95,
    "2m_ret": 166.4613472033154,
    "2m_mdd": 16.29,
    "3m_ret": 201.96688346959388,
    "3m_mdd": 24.38,
    "4m_ret": 243.42012848996677,
    "4m_mdd": 25.41,
    "5m_ret": 424.22928461768333,
    "5m_mdd": 25.41,
    "6m_ret": 414.5460302777315,
    "6m_mdd": 25.41,
    "1y_ret": 1099.9278878563396,
    "1y_mdd": 57.01,
    "2y_ret": 870.0972999999999,
    "2y_mdd": 67.68
  },
  "reports": {
    "proxy_csv": "/home/chewy/projects/trading-compose-dev/hybrid_c_ov_research_v1/reports_gpu1/gpu_proxy_ranked.csv",
    "full_csv": "/home/chewy/projects/trading-compose-dev/hybrid_c_ov_research_v1/reports_gpu1/gpu_full_validated.csv"
  }
}