{
  "gpu_device": "NVIDIA GeForce RTX 5060 Ti",
  "param_mode": "local",
  "random_samples": null,
  "local_center": {
    "bias": 6.279309236387098,
    "a20": 0.0,
    "a60": -0.07923336149455253,
    "b_rv": 0.16425127648032622,
    "b_dd": 0.10866106057815651,
    "temp": 0.03,
    "floor": 0.032183315340725785,
    "ceil": 0.9349584876732712
  },
  "proxy_candidates_evaluated": 1200000,
  "proxy_candidates_ranked": 5280,
  "full_candidates_evaluated": 80,
  "gate_ok_count_full": 7,
  "strict_match_candidate": null,
  "nearest_gate_candidate": {
    "candidate_id": "G1-570248",
    "gate_ok_2y": true,
    "score": 74.06019348403764,
    "short_penalty_sum": 2.258911648824551,
    "short_excess_sum": 759.3004660513045,
    "long_diff_2y_vs_ov": 19.452926386586796,
    "bias": 6.918807354159963,
    "a20": 0.0,
    "a60": -0.0962326625265243,
    "b_rv": 0.11088415236088758,
    "b_dd": 0.13019838427791855,
    "temp": 0.03,
    "floor": 0.015265880963005286,
    "ceil": 1.0,
    "1m_ret": 107.42693576911155,
    "1m_mdd": 16.73,
    "2m_ret": 172.85697517857366,
    "2m_mdd": 16.73,
    "3m_ret": 214.37517737390075,
    "3m_mdd": 24.69,
    "4m_ret": 261.4095538637647,
    "4m_mdd": 28.08,
    "5m_ret": 527.962984247331,
    "5m_mdd": 29.87,
    "6m_ret": 510.092732261225,
    "6m_mdd": 31.24,
    "1y_ret": 1309.3078633739146,
    "1y_mdd": 61.78,
    "2y_ret": 867.0586000000001,
    "2y_mdd": 71.16
  },
  "reports": {
    "proxy_csv": "/home/chewy/projects/trading-compose-dev/hybrid_c_ov_research_v1/reports_gpu1/gpu_proxy_ranked.csv",
    "full_csv": "/home/chewy/projects/trading-compose-dev/hybrid_c_ov_research_v1/reports_gpu1/gpu_full_validated.csv"
  }
}