{
  "gpu_device": "NVIDIA GeForce RTX 5060 Ti",
  "param_mode": "local",
  "random_samples": null,
  "local_center": {
    "bias": 5.613500129003333,
    "a20": 0.13322290278341634,
    "a60": -0.14978923950980383,
    "b_rv": 0.045378776655056054,
    "b_dd": 0.011551175233580313,
    "temp": 0.28485560299273727,
    "floor": 0.01714487698580607,
    "ceil": 0.757395951331836
  },
  "proxy_candidates_evaluated": 1200000,
  "proxy_candidates_ranked": 4320,
  "full_candidates_evaluated": 60,
  "gate_ok_count_full": 18,
  "strict_match_candidate": null,
  "nearest_gate_candidate": {
    "candidate_id": "G1-945824",
    "gate_ok_2y": true,
    "score": 63.600637517004095,
    "short_penalty_sum": 9.837039111559918,
    "short_excess_sum": 723.3820810083228,
    "long_diff_2y_vs_ov": 54.973426386586766,
    "bias": 6.279309236387098,
    "a20": 0.0,
    "a60": -0.07923336149455253,
    "b_rv": 0.16425127648032622,
    "b_dd": 0.10866106057815651,
    "temp": 0.03,
    "floor": 0.032183315340725785,
    "ceil": 0.9349584876732712,
    "1m_ret": 106.6755363502764,
    "1m_mdd": 16.73,
    "2m_ret": 171.8812863349823,
    "2m_mdd": 16.73,
    "3m_ret": 213.55475485080194,
    "3m_mdd": 24.62,
    "4m_ret": 256.3606874712757,
    "4m_mdd": 28.08,
    "5m_ret": 517.4155331339696,
    "5m_mdd": 28.08,
    "6m_ret": 500.4736929422806,
    "6m_mdd": 28.08,
    "1y_ret": 1293.5742184785177,
    "1y_mdd": 59.92,
    "2y_ret": 902.5791,
    "2y_mdd": 69.76
  },
  "reports": {
    "proxy_csv": "/home/chewy/projects/trading-compose-dev/hybrid_c_ov_research_v1/reports_gpu1/gpu_proxy_ranked.csv",
    "full_csv": "/home/chewy/projects/trading-compose-dev/hybrid_c_ov_research_v1/reports_gpu1/gpu_full_validated.csv"
  }
}