{
  "gpu_device": "NVIDIA GeForce RTX 5060 Ti",
  "param_mode": "random",
  "random_samples": 1400000,
  "local_center": null,
  "proxy_candidates_evaluated": 1400000,
  "proxy_candidates_ranked": 6720,
  "full_candidates_evaluated": 100,
  "gate_ok_count_full": 80,
  "strict_match_candidate": null,
  "nearest_gate_candidate": {
    "candidate_id": "G1-718827",
    "gate_ok_2y": true,
    "score": -80.10186203715962,
    "short_penalty_sum": 120.0366056723402,
    "short_excess_sum": 332.68951107448845,
    "long_diff_2y_vs_ov": 333.28962638658686,
    "bias": 0.6402367534330917,
    "a20": 0.6531946521985309,
    "a60": -0.1855224750712864,
    "b_rv": 0.10667538656413637,
    "b_dd": 0.04375623664946185,
    "temp": 0.2060881120542743,
    "floor": 0.1634529569938518,
    "ceil": 0.8598245060820526,
    "1m_ret": 90.04880395226998,
    "1m_mdd": 8.05,
    "2m_ret": 150.08567257068083,
    "2m_mdd": 25.3,
    "3m_ret": 152.82413430263097,
    "3m_mdd": 25.95,
    "4m_ret": 245.31408762097428,
    "4m_mdd": 25.95,
    "5m_ret": 426.7943935611497,
    "5m_mdd": 25.95,
    "6m_ret": 403.71041951771974,
    "6m_mdd": 25.95,
    "1y_ret": 1090.266061542064,
    "1y_mdd": 42.41,
    "2y_ret": 1180.8953000000001,
    "2y_mdd": 56.72
  },
  "reports": {
    "proxy_csv": "/home/chewy/projects/trading-compose-dev/hybrid_c_ov_research_v1/reports_gpu1/gpu_proxy_ranked.csv",
    "full_csv": "/home/chewy/projects/trading-compose-dev/hybrid_c_ov_research_v1/reports_gpu1/gpu_full_validated.csv"
  }
}