{
  "gpu_device": "NVIDIA GeForce RTX 5060 Ti",
  "param_mode": "local",
  "random_samples": null,
  "local_center": {
    "bias": 6.422501787246778,
    "a20": 0.0,
    "a60": -0.0871401935618367,
    "b_rv": 0.0679154123906214,
    "b_dd": 0.1301732416559662,
    "temp": 0.03,
    "floor": 0.0,
    "ceil": 1.0
  },
  "proxy_candidates_evaluated": 1200000,
  "proxy_candidates_ranked": 6240,
  "full_candidates_evaluated": 100,
  "gate_ok_count_full": 100,
  "strict_match_candidate": null,
  "nearest_gate_candidate": {
    "candidate_id": "G1-412837",
    "gate_ok_2y": true,
    "score": 107.86708442995777,
    "short_penalty_sum": 2.2781680427882804,
    "short_excess_sum": 1074.0307994501431,
    "long_diff_2y_vs_ov": 137.1086263865866,
    "bias": 6.787898344285149,
    "a20": 0.0,
    "a60": -0.09181296789807147,
    "b_rv": 0.09407960349884371,
    "b_dd": 0.13271417559907764,
    "temp": 0.03,
    "floor": 0.006844050593517129,
    "ceil": 1.0,
    "1m_ret": 107.42690196028937,
    "1m_mdd": 16.73,
    "2m_ret": 172.8514270995473,
    "2m_mdd": 16.73,
    "3m_ret": 214.36884627545788,
    "3m_mdd": 24.69,
    "4m_ret": 261.4021766472702,
    "4m_mdd": 28.08,
    "5m_ret": 602.1408962713294,
    "5m_mdd": 28.08,
    "6m_ret": 582.7672006662037,
    "6m_mdd": 31.08,
    "1y_ret": 1477.1858501525983,
    "1y_mdd": 61.7,
    "2y_ret": 984.7142999999999,
    "2y_mdd": 71.09
  },
  "reports": {
    "proxy_csv": "/home/chewy/projects/trading-compose-dev/hybrid_c_ov_research_v1/reports_gpu1/gpu_proxy_ranked.csv",
    "full_csv": "/home/chewy/projects/trading-compose-dev/hybrid_c_ov_research_v1/reports_gpu1/gpu_full_validated.csv"
  }
}