{
  "baseline": {
    "1m": {
      "m0106_dd": 7.068698847574766,
      "m0106_final": 16810.788583133068,
      "v1_dd": 7.999528287601359,
      "v1_final": 19508.989836837496,
      "v2_dd": 8.27267070067973,
      "v2_final": 14906.13604668267
    },
    "1y": {
      "m0106_dd": 21.234413930745053,
      "m0106_final": 19418.06157526601,
      "v1_dd": 35.42609707057258,
      "v1_final": 23643.357697744024,
      "v2_dd": 17.36049286438656,
      "v2_final": 45708.51371640169
    },
    "2m": {
      "m0106_dd": 7.068698847574783,
      "m0106_final": 19000.8106958482,
      "v1_dd": 8.66704569580889,
      "v1_final": 21020.108235875323,
      "v2_dd": 16.376428800803208,
      "v2_final": 16072.359641471796
    },
    "2y": {
      "m0106_dd": 47.35542206743855,
      "m0106_final": 12988.608771626676,
      "v1_dd": 45.27001774988935,
      "v1_final": 18241.95401664062,
      "v2_dd": 74.19558211063527,
      "v2_final": 16345.79110595488
    },
    "3m": {
      "m0106_dd": 9.893362411045333,
      "m0106_final": 17277.606026261263,
      "v1_dd": 22.704213841574788,
      "v1_final": 14624.546478507096,
      "v2_dd": 16.376428800803186,
      "v2_final": 21200.832441858118
    },
    "3y": {
      "m0106_dd": 53.561105135378256,
      "m0106_final": 15221.281657531135,
      "v1_dd": 73.63070572481278,
      "v1_final": 16919.506419140034,
      "v2_dd": 74.19558211063534,
      "v2_final": 21993.867075218586
    },
    "4m": {
      "m0106_dd": 10.325185577832023,
      "m0106_final": 17708.347282379695,
      "v1_dd": 29.044692603023503,
      "v1_final": 18050.89332677282,
      "v2_dd": 16.376428800803197,
      "v2_final": 26167.920175110386
    },
    "4y": {
      "m0106_dd": 53.56110513537812,
      "m0106_final": 29610.801413840607,
      "v1_dd": 73.6307057248128,
      "v1_final": 22991.29676854431,
      "v2_dd": 74.19558211063514,
      "v2_final": 25302.60405151487
    },
    "5m": {
      "m0106_dd": 12.806243171288354,
      "m0106_final": 19705.586547482577,
      "v1_dd": 29.044692603023563,
      "v1_final": 22955.068534363105,
      "v2_dd": 16.376428800803197,
      "v2_final": 23557.666621484233
    },
    "5y": {
      "m0106_dd": 53.56110513537822,
      "m0106_final": 26966.192807400857,
      "v1_dd": 73.63070572481281,
      "v1_final": 18645.208444040833,
      "v2_dd": 74.19558211063521,
      "v2_final": 21019.21395578334
    },
    "6m": {
      "m0106_dd": 21.234413930745053,
      "m0106_final": 18621.2991031889,
      "v1_dd": 29.04469260302352,
      "v1_final": 14832.68094832519,
      "v2_dd": 17.360492864386565,
      "v2_final": 25037.90044416518
    },
    "7y": {
      "m0106_dd": 53.561105135378135,
      "m0106_final": 36277.05830050591,
      "v1_dd": 73.63070572481281,
      "v1_final": 12228.862836777307,
      "v2_dd": 74.19558211063521,
      "v2_final": 108408.06956348642
    }
  },
  "best_full_candidate": {
    "1m_best_baseline_dd": 7.068698847574766,
    "1m_best_baseline_final": 19508.989836837496,
    "1m_meta_dd": 7.068698847574766,
    "1m_meta_final": 16810.788583133068,
    "1m_meta_return": 68.10788583133068,
    "1y_best_baseline_dd": 17.36049286438656,
    "1y_best_baseline_final": 45708.51371640169,
    "1y_meta_dd": 28.2388711668024,
    "1y_meta_final": 33724.47895798593,
    "1y_meta_return": 237.2447895798593,
    "2m_best_baseline_dd": 7.068698847574783,
    "2m_best_baseline_final": 21020.108235875323,
    "2m_meta_dd": 16.752223752908872,
    "2m_meta_final": 15354.670085784659,
    "2m_meta_return": 53.54670085784659,
    "2y_best_baseline_dd": 45.27001774988935,
    "2y_best_baseline_final": 18241.95401664062,
    "2y_meta_dd": 77.19466332221613,
    "2y_meta_final": 11948.477170933535,
    "2y_meta_return": 19.484771709335334,
    "3m_best_baseline_dd": 9.893362411045333,
    "3m_best_baseline_final": 21200.832441858118,
    "3m_meta_dd": 16.75222375290888,
    "3m_meta_final": 15899.483880486161,
    "3m_meta_return": 58.9948388048616,
    "3y_best_baseline_dd": 53.561105135378256,
    "3y_best_baseline_final": 21993.867075218586,
    "3y_meta_dd": 77.19466332221613,
    "3y_meta_final": 21571.35941153559,
    "3y_meta_return": 115.71359411535593,
    "4m_best_baseline_dd": 10.325185577832023,
    "4m_best_baseline_final": 26167.920175110386,
    "4m_meta_dd": 16.75222375290886,
    "4m_meta_final": 16295.867710972047,
    "4m_meta_return": 62.958677109720476,
    "4y_best_baseline_dd": 53.56110513537812,
    "4y_best_baseline_final": 29610.801413840607,
    "4y_meta_dd": 77.1946633222161,
    "4y_meta_final": 42989.443526325755,
    "4y_meta_return": 329.89443526325755,
    "5m_best_baseline_dd": 12.806243171288354,
    "5m_best_baseline_final": 23557.666621484233,
    "5m_meta_dd": 16.75222375290886,
    "5m_meta_final": 18133.800203049435,
    "5m_meta_return": 81.33800203049435,
    "5y_best_baseline_dd": 53.56110513537822,
    "5y_best_baseline_final": 26966.192807400857,
    "5y_meta_dd": 77.1946633222161,
    "5y_meta_final": 22544.415377533333,
    "5y_meta_return": 125.44415377533333,
    "6m_best_baseline_dd": 17.360492864386565,
    "6m_best_baseline_final": 25037.90044416518,
    "6m_meta_dd": 28.23887116680239,
    "6m_meta_final": 15382.858067092759,
    "6m_meta_return": 53.82858067092759,
    "7y_best_baseline_dd": 53.561105135378135,
    "7y_best_baseline_final": 108408.06956348642,
    "7y_meta_dd": 77.19466332221613,
    "7y_meta_final": 79849.31566069959,
    "7y_meta_return": 698.493156606996,
    "avg_dd_over_best_baseline_pct": 14.594253327367097,
    "avg_uplift_pct_vs_best_baseline": -18.77489278743273,
    "burst_dd20_max": 18.0,
    "burst_ret3d_min": 0.12,
    "burst_rv20_max": 120.0,
    "candidate_id": "MRV1-0005",
    "ranking_score": 768.4683121435713,
    "riskoff_crossovers20_min": 9,
    "riskoff_dd20_min": 18.0,
    "riskoff_rv20_min": 80.0,
    "router_days_m0106_all": 1013,
    "router_days_v1_all": 369,
    "router_days_v2_all": 858,
    "wins_vs_best_baseline": 1
  },
  "outputs": {
    "coarse_csv": "/home/chewy/projects/trading-compose-dev/meta_router_v1/reports/sweep_meta_router_deep96_20260327_20260327_coarse.csv",
    "full_csv": "/home/chewy/projects/trading-compose-dev/meta_router_v1/reports/sweep_meta_router_deep96_20260327_20260327_full.csv",
    "json": "/home/chewy/projects/trading-compose-dev/meta_router_v1/reports/sweep_meta_router_deep96_20260327_20260327.json"
  },
  "run": {
    "coarse_windows": [
      "1m",
      "2m",
      "6m",
      "1y"
    ],
    "coarse_workers": 24,
    "data_feed": "sip",
    "end_date": "2026-03-27",
    "full_windows": [
      "1m",
      "2m",
      "3m",
      "4m",
      "5m",
      "6m",
      "1y",
      "2y",
      "3y",
      "4y",
      "5y",
      "7y"
    ],
    "full_workers": 12,
    "grid_size": 192,
    "initial_equity": 10000.0,
    "mode": "paper",
    "strategy_profile": "aggr_adapt_t10_tr2_rv14_b85_m8_M30_intraday_pl_5m",
    "topk_to_full": 20
  }
}