{
  "candidates_evaluated": 80,
  "gate_ok_count": 6,
  "strict_match_candidate": null,
  "nearest_gate_candidate": {
    "candidate_id": "P5-0052",
    "gate_ok_2y": true,
    "score": -643.2537088631309,
    "short_penalty_sum": 643.2537088631309,
    "short_excess_sum": 0.0,
    "long_diff_2y_vs_OV": 37.240300000000275,
    "trail_scale": 1.1,
    "threshold_scale": 1.2,
    "stop_pct": 4.7,
    "rv_gate": 77.5,
    "overlay": "OV_sh7_h1_dd0w20_re1_SOXS",
    "1m_ret": 68.7363120333643,
    "1m_mdd": 10.01,
    "2m_ret": 121.95378432610488,
    "2m_mdd": 26.59,
    "3m_ret": 120.58465820262474,
    "3m_mdd": 27.2,
    "4m_ret": 132.3364485540918,
    "4m_mdd": 27.2,
    "5m_ret": 282.5239166982815,
    "5m_mdd": 27.2,
    "6m_ret": 301.8788785007118,
    "6m_mdd": 27.2,
    "1y_ret": 675.0498892180342,
    "1y_mdd": 32.54,
    "2y_ret": 886.1107000000001,
    "2y_mdd": 55.64
  },
  "reports": {
    "ranked_csv": "/home/chewy/projects/trading-compose-dev/hybrid_c_ov_research_v1/reports_pass5/pass5_ranked.csv",
    "benchmarks_csv": "/home/chewy/projects/trading-compose-dev/hybrid_c_ov_research_v1/reports_pass5/benchmarks_c_vs_ov.csv"
  }
}