rule,orig_final_equity,orig_pnl,orig_return_pct,orig_maxdd_pct,strict_final_equity,strict_pnl,strict_return_pct,strict_maxdd_pct,switches,active_days,exposure_pct,penalty_cost_usd,penalty_days_missed_fill,delta_strict_pnl_vs_baseline,delta_strict_return_pct_vs_baseline
SOXL_MACD_hist_lag1_lt_0,57428.087258489104,47428.087258489104,474.280872584891,26.4053644402507,54748.101859134425,44748.101859134425,447.48101859134425,26.72069616657605,22,122,48.41269841269841,257.1740781577919,77,19236.856323672408,192.36856323672407
SOXL_MACD_hist_lag1_lt_0 & SOXL_Px_lt_EMA20_lag1,48482.91840507984,38482.91840507984,384.82918405079846,11.944512644242565,46823.43580800029,36823.43580800029,368.2343580800029,12.032546117726477,26,67,26.58730158730159,258.44293322401063,46,11312.190272538275,113.12190272538271
SOXL_ATRpct_lag1_gt_q40,44118.28629232033,34118.28629232033,341.18286292320323,28.487624139819943,41814.94213709535,31814.94213709535,318.1494213709535,28.68848209164146,23,150,59.523809523809526,195.44555628487433,88,6303.696601633332,63.03696601633334
SOXL_ATRpct_lag1_gt_q40 & SOXL_MACD_hist_lag1_lt_0 & SOXL_Px_lt_EMA20_lag1,41922.7697841694,31922.769784169395,319.2276978416939,11.94451264424257,40786.94401782734,30786.944017827343,307.86944017827346,12.03254611772647,20,53,21.03174603174603,190.38073252741924,37,5275.698482365326,52.75698482365328
SOXL_Px_lt_EMA20_lag1,41978.32128554116,31978.321285541155,319.7832128554116,22.372118349371256,40401.98129879175,30401.981298791747,304.0198129879174,22.64321989444381,29,80,31.746031746031743,241.98747530838045,50,4890.735763329729,48.90735763329724
BASELINE_ALWAYS_ON,37907.50024518469,27907.50024518469,279.07500245184684,39.99122056015784,35511.24553546202,25511.245535462018,255.11245535462018,40.39571178036636,0,252,100.0,0.0,136,0.0,0.0
