rule,orig_final_equity,orig_pnl,orig_return_pct,orig_maxdd_pct,strict_final_equity,strict_pnl,strict_return_pct,strict_maxdd_pct,switches,active_days,exposure_pct,penalty_cost_usd,penalty_days_missed_fill,delta_strict_pnl_vs_baseline,delta_strict_return_pct_vs_baseline
SOXL_MACD_hist_lag1_lt_0,57428.087258489104,47428.087258489104,474.280872584891,26.4053644402507,48485.48984939239,38485.48984939239,384.8548984939239,27.514455875344908,22,122,48.41269841269841,479.85836114626545,77,19297.358176733494,192.9735817673349
SOXL_MACD_hist_lag1_lt_0 & SOXL_Px_lt_EMA20_lag1,48482.91840507984,38482.91840507984,384.82918405079846,11.944512644242565,43286.3996483089,33286.3996483089,332.86399648308895,12.120535563466719,26,67,26.58730158730159,495.1544382236807,46,14098.267975650004,140.98267975649998
SOXL_ATRpct_lag1_gt_q40 & SOXL_MACD_hist_lag1_lt_0 & SOXL_Px_lt_EMA20_lag1,41922.7697841694,31922.769784169395,319.2276978416939,11.94451264424257,38317.672616227035,28317.672616227035,283.17672616227037,12.120535563466719,20,53,21.03174603174603,368.7510360706292,37,9129.54094356814,91.29540943568139
SOXL_Px_lt_EMA20_lag1,41978.32128554116,31978.321285541155,319.7832128554116,22.372118349371256,37076.648979387355,27076.648979387355,270.7664897938736,23.06738304559216,29,80,31.746031746031743,461.05183317352385,50,7888.5173067284595,78.8851730672846
SOXL_ATRpct_lag1_gt_q40,44118.28629232033,34118.28629232033,341.18286292320323,28.487624139819943,36425.55892142048,26425.55892142048,264.2555892142048,29.562977141039642,23,150,59.523809523809526,365.7527476912819,88,7237.427248761585,72.37427248761583
BASELINE_ALWAYS_ON,37907.50024518469,27907.50024518469,279.07500245184684,39.99122056015784,29188.131672658896,19188.131672658896,191.88131672658898,41.59404717707373,0,252,100.0,0.0,136,0.0,0.0
