rule,orig_final_equity,orig_pnl,orig_return_pct,orig_maxdd_pct,strict_final_equity,strict_pnl,strict_return_pct,strict_maxdd_pct,switches,active_days,exposure_pct,penalty_cost_usd,penalty_days_missed_fill,delta_strict_pnl_vs_baseline,delta_strict_return_pct_vs_baseline
SOXL_MACD_hist_lag1_lt_0,57428.087258489104,47428.087258489104,474.280872584891,26.4053644402507,51620.3003203011,41620.3003203011,416.20300320301106,27.107846508740362,22,122,48.41269841269841,745.9235095970762,77,18354.87923694298,183.54879236942983
SOXL_MACD_hist_lag1_lt_0 & SOXL_Px_lt_EMA20_lag1,48482.91840507984,38482.91840507984,384.82918405079846,11.944512644242565,44635.20956633858,34635.20956633858,346.35209566338574,12.208480981463271,26,67,26.58730158730159,754.8529714654596,46,11369.788482980453,113.69788482980451
SOXL_ATRpct_lag1_gt_q40 & SOXL_MACD_hist_lag1_lt_0 & SOXL_Px_lt_EMA20_lag1,41922.7697841694,31922.769784169395,319.2276978416939,11.94451264424257,39286.03738516636,29286.03738516636,292.8603738516636,12.208480981463282,20,53,21.03174603174603,559.8349161457827,37,6020.616301808237,60.20616301808238
SOXL_ATRpct_lag1_gt_q40,44118.28629232033,34118.28629232033,341.18286292320323,28.487624139819943,39177.11579348363,29177.11579348363,291.7711579348363,29.09944379891698,23,150,59.523809523809526,567.4833618280554,88,5911.694710125506,59.11694710125508
SOXL_Px_lt_EMA20_lag1,41978.32128554116,31978.321285541155,319.7832128554116,22.372118349371256,38323.66543786462,28323.66543786462,283.2366543786462,23.1062256438316,29,80,31.746031746031743,704.4324768137267,50,5058.244354506496,50.58244354506499
BASELINE_ALWAYS_ON,37907.50024518469,27907.50024518469,279.07500245184684,39.99122056015784,33265.421083358124,23265.421083358124,232.65421083358123,40.79767020573438,0,252,100.0,0.0,136,0.0,0.0
