variant,1m_ret,1m_mdd,2m_ret,2m_mdd,3m_ret,3m_mdd,4m_ret,4m_mdd,5m_ret,5m_mdd,6m_ret,6m_mdd,1y_ret,1y_mdd,2y_ret,2y_mdd
C_sp4.7_rv75_tr1.10_th1.20,107.42690521911773,16.73,173.4990173826395,24.45,215.1149394587604,33.31,262.26018206548633,56.23,426.68814788459315,66.2,327.49835323334116,66.2,833.8300511524059,78.5,295.2389,81.52
OV_sh6_h1_dd0w20_re1_SOXS,68.73630719679508,10.01,121.9537828639972,25.97,122.46661724372868,26.58,134.31872588274163,26.58,285.78757968374106,26.58,279.59735581731394,26.58,658.7072549196772,33.69,848.8703999999998,58.2
