mode,cpu_final_equity,cpu_return_pct,cpu_max_drawdown_pct,cpu_event_or_trade_count,gpu_final_equity,gpu_return_pct,gpu_max_drawdown_pct,gpu_event_or_trade_count,cpu_gpu_diff_bps
Paper/Live-style Backtest (minute verifier),31417.3079505505,214.1730795055,32.8968303651,586,31417.3079505505,214.1730795055,32.8968303651,586,0.0000000000\nIntraday verifier with Daily-Synthetic parity,82198.2320032180,721.9823200322,15.5075845358,274,82198.2320032180,721.9823200322,15.5075845358,274,0.0000000000\nDaily Synthetic Backtest (reference),82198.2320032180,721.9823200322,36.8652899800,273,82198.2320032180,721.9823200322,36.8652899800,274,0.0000000000\n