{
  "baseline": {
    "1m": {
      "m0106_dd": 7.068698847574766,
      "m0106_final": 16810.788583133068,
      "v1_dd": 7.999528287601359,
      "v1_final": 19508.989836837496,
      "v2_dd": 8.27267070067973,
      "v2_final": 14906.13604668267
    },
    "1y": {
      "m0106_dd": 21.234413930745053,
      "m0106_final": 19418.06157526601,
      "v1_dd": 35.42609707057258,
      "v1_final": 23643.357697744024,
      "v2_dd": 17.36049286438656,
      "v2_final": 45708.51371640169
    },
    "2m": {
      "m0106_dd": 7.068698847574783,
      "m0106_final": 19000.8106958482,
      "v1_dd": 8.66704569580889,
      "v1_final": 21020.108235875323,
      "v2_dd": 16.376428800803208,
      "v2_final": 16072.359641471796
    },
    "2y": {
      "m0106_dd": 47.35542206743855,
      "m0106_final": 12988.608771626676,
      "v1_dd": 45.27001774988935,
      "v1_final": 18241.95401664062,
      "v2_dd": 74.19558211063527,
      "v2_final": 16345.79110595488
    },
    "3m": {
      "m0106_dd": 9.893362411045333,
      "m0106_final": 17277.606026261263,
      "v1_dd": 22.704213841574788,
      "v1_final": 14624.546478507096,
      "v2_dd": 16.376428800803186,
      "v2_final": 21200.832441858118
    },
    "3y": {
      "m0106_dd": 53.561105135378256,
      "m0106_final": 15221.281657531135,
      "v1_dd": 73.63070572481278,
      "v1_final": 16919.506419140034,
      "v2_dd": 74.19558211063534,
      "v2_final": 21993.867075218586
    },
    "4m": {
      "m0106_dd": 10.325185577832023,
      "m0106_final": 17708.347282379695,
      "v1_dd": 29.044692603023503,
      "v1_final": 18050.89332677282,
      "v2_dd": 16.376428800803197,
      "v2_final": 26167.920175110386
    },
    "4y": {
      "m0106_dd": 53.56110513537812,
      "m0106_final": 29610.801413840607,
      "v1_dd": 73.6307057248128,
      "v1_final": 22991.29676854431,
      "v2_dd": 74.19558211063514,
      "v2_final": 25302.60405151487
    },
    "5m": {
      "m0106_dd": 12.806243171288354,
      "m0106_final": 19705.586547482577,
      "v1_dd": 29.044692603023563,
      "v1_final": 22955.068534363105,
      "v2_dd": 16.376428800803197,
      "v2_final": 23557.666621484233
    },
    "5y": {
      "m0106_dd": 53.56110513537822,
      "m0106_final": 26966.192807400857,
      "v1_dd": 73.63070572481281,
      "v1_final": 18645.208444040833,
      "v2_dd": 74.19558211063521,
      "v2_final": 21019.21395578334
    },
    "6m": {
      "m0106_dd": 21.234413930745053,
      "m0106_final": 18621.2991031889,
      "v1_dd": 29.04469260302352,
      "v1_final": 14832.68094832519,
      "v2_dd": 17.360492864386565,
      "v2_final": 25037.90044416518
    },
    "7y": {
      "m0106_dd": 53.561105135378135,
      "m0106_final": 36277.05830050591,
      "v1_dd": 73.63070572481281,
      "v1_final": 12228.862836777307,
      "v2_dd": 74.19558211063521,
      "v2_final": 108408.06956348642
    }
  },
  "best_full_candidate": {
    "1m_best_baseline_dd": 7.068698847574766,
    "1m_best_baseline_final": 19508.989836837496,
    "1m_meta_dd": 7.068698847574766,
    "1m_meta_final": 16810.788583133068,
    "1m_meta_return": 68.10788583133068,
    "1y_best_baseline_dd": 17.36049286438656,
    "1y_best_baseline_final": 45708.51371640169,
    "1y_meta_dd": 26.772949266721042,
    "1y_meta_final": 21633.69194024572,
    "1y_meta_return": 116.33691940245718,
    "2m_best_baseline_dd": 7.068698847574783,
    "2m_best_baseline_final": 21020.108235875323,
    "2m_meta_dd": 7.06869884757477,
    "2m_meta_final": 21974.474467829525,
    "2m_meta_return": 119.74474467829523,
    "2y_best_baseline_dd": 45.27001774988935,
    "2y_best_baseline_final": 18241.95401664062,
    "2y_meta_dd": 66.07713534265126,
    "2y_meta_final": 11237.348099345598,
    "2y_meta_return": 12.373480993455988,
    "3m_best_baseline_dd": 9.893362411045333,
    "3m_best_baseline_final": 21200.832441858118,
    "3m_meta_dd": 7.068698847574791,
    "3m_meta_final": 21675.265396564202,
    "3m_meta_return": 116.75265396564201,
    "3y_best_baseline_dd": 53.561105135378256,
    "3y_best_baseline_final": 21993.867075218586,
    "3y_meta_dd": 66.07713534265135,
    "3y_meta_final": 19853.186063051464,
    "3y_meta_return": 98.53186063051464,
    "4m_best_baseline_dd": 10.325185577832023,
    "4m_best_baseline_final": 26167.920175110386,
    "4m_meta_dd": 13.59711774514948,
    "4m_meta_final": 23011.43979573961,
    "4m_meta_return": 130.11439795739614,
    "4y_best_baseline_dd": 53.56110513537812,
    "4y_best_baseline_final": 29610.801413840607,
    "4y_meta_dd": 66.07713534265137,
    "4y_meta_final": 34863.84262674628,
    "4y_meta_return": 248.6384262674628,
    "5m_best_baseline_dd": 12.806243171288354,
    "5m_best_baseline_final": 23557.666621484233,
    "5m_meta_dd": 13.597117745149497,
    "5m_meta_final": 24834.133343969923,
    "5m_meta_return": 148.34133343969924,
    "5y_best_baseline_dd": 53.56110513537822,
    "5y_best_baseline_final": 26966.192807400857,
    "5y_meta_dd": 66.0771353426516,
    "5y_meta_final": 32606.744820597876,
    "5y_meta_return": 226.06744820597874,
    "6m_best_baseline_dd": 17.360492864386565,
    "6m_best_baseline_final": 25037.90044416518,
    "6m_meta_dd": 26.7483246861326,
    "6m_meta_final": 16301.880727064292,
    "6m_meta_return": 63.01880727064293,
    "7y_best_baseline_dd": 53.561105135378135,
    "7y_best_baseline_final": 108408.06956348642,
    "7y_meta_dd": 66.07713534265149,
    "7y_meta_final": 62001.33764739596,
    "7y_meta_return": 520.0133764739596,
    "avg_dd_over_best_baseline_pct": 7.811194448926176,
    "avg_uplift_pct_vs_best_baseline": -12.794948587885528,
    "burst_dd20_max": 18.0,
    "burst_ret3d_min": 0.12,
    "burst_rv20_max": 120.0,
    "burst_v1_bonus": 0.1,
    "candidate_id": "MRV2-00007",
    "dd_penalty": 0.08,
    "lookback_days": 10,
    "min_edge_to_switch": 0.05,
    "min_hold_days": 2,
    "ranking_score": 9705.04505599766,
    "riskoff_crossovers20_min": 8,
    "riskoff_dd20_min": 18.0,
    "riskoff_m0106_bonus": 0.25,
    "riskoff_rv20_min": 95.0,
    "router_days_m0106_all": 1595,
    "router_days_v1_all": 449,
    "router_days_v2_all": 196,
    "switch_penalty": 0.05,
    "vol_penalty": 1.2,
    "wins_vs_best_baseline": 5
  },
  "outputs": {
    "coarse_csv": "/home/chewy/projects/trading-compose-dev/meta_router_v2/reports/sweep_meta_router_v2_safe_20260327_20260327_coarse.csv",
    "full_csv": "/home/chewy/projects/trading-compose-dev/meta_router_v2/reports/sweep_meta_router_v2_safe_20260327_20260327_full.csv",
    "json": "/home/chewy/projects/trading-compose-dev/meta_router_v2/reports/sweep_meta_router_v2_safe_20260327_20260327.json"
  },
  "run": {
    "coarse_windows": [
      "1m",
      "2m",
      "6m",
      "1y"
    ],
    "coarse_workers": 8,
    "data_feed": "sip",
    "end_date": "2026-03-27",
    "full_windows": [
      "1m",
      "2m",
      "3m",
      "4m",
      "5m",
      "6m",
      "1y",
      "2y",
      "3y",
      "4y",
      "5y",
      "7y"
    ],
    "full_workers": 4,
    "grid_size": 128,
    "initial_equity": 10000.0,
    "mode": "paper",
    "strategy_profile": "aggr_adapt_t10_tr2_rv14_b85_m8_M30_intraday_pl_5m",
    "topk_to_full": 12
  }
}