{
  "end_date": "2026-03-27",
  "windows": [
    "1m",
    "2m",
    "3m",
    "4m",
    "5m",
    "6m",
    "1y"
  ],
  "profile": "aggr_adapt_t10_tr2_rv14_b85_m8_M30_intraday_pl_5m",
  "workers": 32,
  "candidates": 400,
  "pass_count": 26,
  "baseline": {
    "1m": {
      "ret": 95.08989836837496,
      "dd": 7.999528287601359
    },
    "2m": {
      "ret": 110.20108235875324,
      "dd": 8.66704569580889
    },
    "3m": {
      "ret": 46.245464785070965,
      "dd": 22.704213841574788
    },
    "4m": {
      "ret": 80.50893326772821,
      "dd": 29.044692603023503
    },
    "5m": {
      "ret": 129.55068534363105,
      "dd": 29.044692603023563
    },
    "6m": {
      "ret": 48.3268094832519,
      "dd": 29.04469260302352
    },
    "1y": {
      "ret": 136.43357697744025,
      "dd": 35.42609707057258
    }
  },
  "best_overall": {
    "name": "M0106",
    "inverse_cap_weight": 0.55,
    "ramp_days": 2,
    "sticky_threshold_days": 3,
    "guard_enabled": true,
    "guard_rv20_ann": 0.95,
    "guard_chop_crossovers20": 6.0,
    "recent_inverse_cap_weight": 0.1,
    "recent_days": 75,
    "shock_down_pct": -0.05,
    "shock_hold_days": 3,
    "fixed_enter_days": 6,
    "recent_primary_cap_weight": 0.3,
    "recent_defensive_blend": 0.2,
    "defensive_trigger_down_pct": -0.006,
    "recent_aggressive_total_cap": 0.4,
    "recent_always_defensive_blend": 0.35,
    "changed_recent_cap_days": 16,
    "changed_primary_cap_days": 29,
    "changed_defensive_blend_days": 21,
    "changed_total_aggr_cap_days": 29,
    "changed_always_def_blend_days": 53,
    "changed_shock_days": 227,
    "all_dd_ok": true,
    "material_1m_dd": true,
    "long_ret_guard": true,
    "pass_all": true,
    "dd_gain_total": 86.43198411930072,
    "ret_penalty": 0.0,
    "score": 6586.351552552912,
    "base_1m_ret": 95.08989836837496,
    "base_1m_dd": 7.999528287601359,
    "cfg_1m_ret": 80.68476950402675,
    "cfg_1m_dd": 7.0686988475747725,
    "delta_1m_ret": -14.405128864348214,
    "delta_1m_dd": -0.9308294400265869,
    "base_2m_ret": 110.20108235875324,
    "base_2m_dd": 8.66704569580889,
    "cfg_2m_ret": 92.39353545117149,
    "cfg_2m_dd": 7.068698847574762,
    "delta_2m_ret": -17.807546907581752,
    "delta_2m_dd": -1.5983468482341276,
    "base_3m_ret": 46.245464785070965,
    "base_3m_dd": 22.704213841574788,
    "cfg_3m_ret": 120.65788086603963,
    "cfg_3m_dd": 8.565064152797364,
    "delta_3m_ret": 74.41241608096867,
    "delta_3m_dd": -14.139149688777424,
    "base_4m_ret": 80.50893326772821,
    "base_4m_dd": 29.044692603023503,
    "cfg_4m_ret": 172.35524021742032,
    "cfg_4m_dd": 13.199129184345136,
    "delta_4m_ret": 91.8463069496921,
    "delta_4m_dd": -15.845563418678367,
    "base_5m_ret": 129.55068534363105,
    "base_5m_dd": 29.044692603023563,
    "cfg_5m_ret": 246.35034907724082,
    "cfg_5m_dd": 13.199129184345162,
    "delta_5m_ret": 116.79966373360978,
    "delta_5m_dd": -15.8455634186784,
    "base_6m_ret": 48.3268094832519,
    "base_6m_dd": 29.04469260302352,
    "cfg_6m_ret": 266.11895366192033,
    "cfg_6m_dd": 13.199129184345137,
    "delta_6m_ret": 217.79214417866842,
    "delta_6m_dd": -15.845563418678383,
    "base_1y_ret": 136.43357697744025,
    "base_1y_dd": 35.42609707057258,
    "cfg_1y_ret": 513.9139769157306,
    "cfg_1y_dd": 13.199129184345146,
    "delta_1y_ret": 377.48039993829036,
    "delta_1y_dd": -22.226967886227435
  },
  "best_pass": {
    "name": "M0106",
    "inverse_cap_weight": 0.55,
    "ramp_days": 2,
    "sticky_threshold_days": 3,
    "guard_enabled": true,
    "guard_rv20_ann": 0.95,
    "guard_chop_crossovers20": 6.0,
    "recent_inverse_cap_weight": 0.1,
    "recent_days": 75,
    "shock_down_pct": -0.05,
    "shock_hold_days": 3,
    "fixed_enter_days": 6,
    "recent_primary_cap_weight": 0.3,
    "recent_defensive_blend": 0.2,
    "defensive_trigger_down_pct": -0.006,
    "recent_aggressive_total_cap": 0.4,
    "recent_always_defensive_blend": 0.35,
    "changed_recent_cap_days": 16,
    "changed_primary_cap_days": 29,
    "changed_defensive_blend_days": 21,
    "changed_total_aggr_cap_days": 29,
    "changed_always_def_blend_days": 53,
    "changed_shock_days": 227,
    "all_dd_ok": true,
    "material_1m_dd": true,
    "long_ret_guard": true,
    "pass_all": true,
    "dd_gain_total": 86.43198411930072,
    "ret_penalty": 0.0,
    "score": 6586.351552552912,
    "base_1m_ret": 95.08989836837496,
    "base_1m_dd": 7.999528287601359,
    "cfg_1m_ret": 80.68476950402675,
    "cfg_1m_dd": 7.0686988475747725,
    "delta_1m_ret": -14.405128864348214,
    "delta_1m_dd": -0.9308294400265869,
    "base_2m_ret": 110.20108235875324,
    "base_2m_dd": 8.66704569580889,
    "cfg_2m_ret": 92.39353545117149,
    "cfg_2m_dd": 7.068698847574762,
    "delta_2m_ret": -17.807546907581752,
    "delta_2m_dd": -1.5983468482341276,
    "base_3m_ret": 46.245464785070965,
    "base_3m_dd": 22.704213841574788,
    "cfg_3m_ret": 120.65788086603963,
    "cfg_3m_dd": 8.565064152797364,
    "delta_3m_ret": 74.41241608096867,
    "delta_3m_dd": -14.139149688777424,
    "base_4m_ret": 80.50893326772821,
    "base_4m_dd": 29.044692603023503,
    "cfg_4m_ret": 172.35524021742032,
    "cfg_4m_dd": 13.199129184345136,
    "delta_4m_ret": 91.8463069496921,
    "delta_4m_dd": -15.845563418678367,
    "base_5m_ret": 129.55068534363105,
    "base_5m_dd": 29.044692603023563,
    "cfg_5m_ret": 246.35034907724082,
    "cfg_5m_dd": 13.199129184345162,
    "delta_5m_ret": 116.79966373360978,
    "delta_5m_dd": -15.8455634186784,
    "base_6m_ret": 48.3268094832519,
    "base_6m_dd": 29.04469260302352,
    "cfg_6m_ret": 266.11895366192033,
    "cfg_6m_dd": 13.199129184345137,
    "delta_6m_ret": 217.79214417866842,
    "delta_6m_dd": -15.845563418678383,
    "base_1y_ret": 136.43357697744025,
    "base_1y_dd": 35.42609707057258,
    "cfg_1y_ret": 513.9139769157306,
    "cfg_1y_dd": 13.199129184345146,
    "delta_1y_ret": 377.48039993829036,
    "delta_1y_dd": -22.226967886227435
  },
  "report_dir": "/home/chewy/projects/trading-compose-dev/research/reports/short_dd_material_20260329"
}