{
  "base": {
    "1m": {
      "ret": 95.08989836837496,
      "dd": 7.999528287601359,
      "final": 19508.989836837496
    },
    "2m": {
      "ret": 110.20108235875324,
      "dd": 8.66704569580889,
      "final": 21020.108235875323
    },
    "3m": {
      "ret": 46.245464785070965,
      "dd": 22.704213841574788,
      "final": 14624.546478507096
    },
    "6m": {
      "ret": 48.3268094832519,
      "dd": 29.04469260302352,
      "final": 14832.68094832519
    },
    "1y": {
      "ret": 136.43357697744025,
      "dd": 35.42609707057258,
      "final": 23643.357697744024
    },
    "2y": {
      "ret": 82.41954016640618,
      "dd": 45.27001774988935,
      "final": 18241.95401664062
    }
  },
  "rows": [
    {
      "id": "C07",
      "cap": 0.08,
      "enter": 0.74,
      "exit": 0.66,
      "enter_days": 3,
      "exit_days": 2,
      "short_ok": false,
      "medlong_ok": true,
      "both_ok": false,
      "combo_score": 76.45030415458577,
      "cfg_1m_ret": 49.0613604668267,
      "cfg_2m_ret": 60.72359641471796,
      "cfg_3m_ret": 112.00832441858117,
      "cfg_6m_ret": 150.3790044416518,
      "cfg_1y_ret": 439.30450968963225,
      "cfg_2y_ret": 317.32555656757773,
      "cfg_1m_dd": 8.27267070067973,
      "cfg_2m_dd": 16.376428800803208,
      "cfg_3m_dd": 16.376428800803186,
      "cfg_6m_dd": 17.360492864386565,
      "cfg_1y_dd": 17.360492864386543,
      "cfg_2y_dd": 24.79007037955495
    },
    {
      "id": "C08",
      "cap": 0.09,
      "enter": 0.74,
      "exit": 0.66,
      "enter_days": 4,
      "exit_days": 2,
      "short_ok": false,
      "medlong_ok": true,
      "both_ok": false,
      "combo_score": 76.45030415458577,
      "cfg_1m_ret": 49.0613604668267,
      "cfg_2m_ret": 60.72359641471796,
      "cfg_3m_ret": 112.00832441858117,
      "cfg_6m_ret": 150.3790044416518,
      "cfg_1y_ret": 439.30450968963225,
      "cfg_2y_ret": 267.35804640035406,
      "cfg_1m_dd": 8.27267070067973,
      "cfg_2m_dd": 16.376428800803208,
      "cfg_3m_dd": 16.376428800803186,
      "cfg_6m_dd": 17.360492864386565,
      "cfg_1y_dd": 17.360492864386543,
      "cfg_2y_dd": 24.79007037955498
    },
    {
      "id": "C09",
      "cap": 0.1,
      "enter": 0.72,
      "exit": 0.64,
      "enter_days": 3,
      "exit_days": 2,
      "short_ok": false,
      "medlong_ok": true,
      "both_ok": false,
      "combo_score": 76.45030415458577,
      "cfg_1m_ret": 49.0613604668267,
      "cfg_2m_ret": 60.72359641471796,
      "cfg_3m_ret": 112.00832441858117,
      "cfg_6m_ret": 150.3790044416518,
      "cfg_1y_ret": 439.30450968963225,
      "cfg_2y_ret": 153.83414788795423,
      "cfg_1m_dd": 8.27267070067973,
      "cfg_2m_dd": 16.376428800803208,
      "cfg_3m_dd": 16.376428800803186,
      "cfg_6m_dd": 17.360492864386565,
      "cfg_1y_dd": 17.360492864386543,
      "cfg_2y_dd": 46.248557700462165
    },
    {
      "id": "C04",
      "cap": 0.07,
      "enter": 0.74,
      "exit": 0.66,
      "enter_days": 3,
      "exit_days": 1,
      "short_ok": false,
      "medlong_ok": true,
      "both_ok": false,
      "combo_score": 12.436366896665284,
      "cfg_1m_ret": 49.0613604668267,
      "cfg_2m_ret": 60.72359641471796,
      "cfg_3m_ret": 112.00832441858117,
      "cfg_6m_ret": 94.52947443068413,
      "cfg_1y_ret": 319.00726884817675,
      "cfg_2y_ret": 256.02773639355536,
      "cfg_1m_dd": 8.27267070067973,
      "cfg_2m_dd": 16.376428800803208,
      "cfg_3m_dd": 16.376428800803186,
      "cfg_6m_dd": 30.83965852231168,
      "cfg_1y_dd": 30.839658522311638,
      "cfg_2y_dd": 31.90731461048135
    },
    {
      "id": "C06",
      "cap": 0.08,
      "enter": 0.74,
      "exit": 0.66,
      "enter_days": 4,
      "exit_days": 1,
      "short_ok": false,
      "medlong_ok": true,
      "both_ok": false,
      "combo_score": 11.4961031718721,
      "cfg_1m_ret": 49.0613604668267,
      "cfg_2m_ret": 60.72359641471796,
      "cfg_3m_ret": 112.00832441858117,
      "cfg_6m_ret": 93.70913296497365,
      "cfg_1y_ret": 317.2402922083836,
      "cfg_2y_ret": 212.07795571438552,
      "cfg_1m_dd": 8.27267070067973,
      "cfg_2m_dd": 16.376428800803208,
      "cfg_3m_dd": 16.376428800803186,
      "cfg_6m_dd": 31.09556776015381,
      "cfg_1y_dd": 31.095567760153745,
      "cfg_2y_dd": 32.04243933503013
    },
    {
      "id": "C10",
      "cap": 0.09,
      "enter": 0.72,
      "exit": 0.64,
      "enter_days": 4,
      "exit_days": 1,
      "short_ok": false,
      "medlong_ok": true,
      "both_ok": false,
      "combo_score": 11.4961031718721,
      "cfg_1m_ret": 49.0613604668267,
      "cfg_2m_ret": 60.72359641471796,
      "cfg_3m_ret": 112.00832441858117,
      "cfg_6m_ret": 93.70913296497365,
      "cfg_1y_ret": 317.2402922083836,
      "cfg_2y_ret": 184.2115648419009,
      "cfg_1m_dd": 8.27267070067973,
      "cfg_2m_dd": 16.376428800803208,
      "cfg_3m_dd": 16.376428800803186,
      "cfg_6m_dd": 31.09556776015381,
      "cfg_1y_dd": 31.095567760153745,
      "cfg_2y_dd": 32.04243933503017
    },
    {
      "id": "C02",
      "cap": 0.06,
      "enter": 0.74,
      "exit": 0.66,
      "enter_days": 4,
      "exit_days": 1,
      "short_ok": false,
      "medlong_ok": true,
      "both_ok": false,
      "combo_score": 9.410939414246265,
      "cfg_1m_ret": 49.0613604668267,
      "cfg_2m_ret": 60.72359641471796,
      "cfg_3m_ret": 112.00832441858117,
      "cfg_6m_ret": 93.70913296497365,
      "cfg_1y_ret": 310.28974634963083,
      "cfg_2y_ret": 206.8820784670911,
      "cfg_1m_dd": 8.27267070067973,
      "cfg_2m_dd": 16.376428800803208,
      "cfg_3m_dd": 16.376428800803186,
      "cfg_6m_dd": 31.09556776015381,
      "cfg_1y_dd": 31.09556776015377,
      "cfg_2y_dd": 32.58495580363697
    },
    {
      "id": "C05",
      "cap": 0.08,
      "enter": 0.76,
      "exit": 0.68,
      "enter_days": 4,
      "exit_days": 1,
      "short_ok": false,
      "medlong_ok": true,
      "both_ok": false,
      "combo_score": -58.076814976367004,
      "cfg_1m_ret": 49.0613604668267,
      "cfg_2m_ret": 60.72359641471796,
      "cfg_3m_ret": 72.18989987809894,
      "cfg_6m_ret": 57.32757806649982,
      "cfg_1y_ret": 238.87614713950148,
      "cfg_2y_ret": 86.26965937272715,
      "cfg_1m_dd": 8.27267070067973,
      "cfg_2m_dd": 16.376428800803208,
      "cfg_3m_dd": 16.376428800803154,
      "cfg_6m_dd": 38.2863293511513,
      "cfg_1y_dd": 38.286329351151245,
      "cfg_2y_dd": 55.16594481153274
    },
    {
      "id": "C01",
      "cap": 0.06,
      "enter": 0.76,
      "exit": 0.68,
      "enter_days": 4,
      "exit_days": 1,
      "short_ok": false,
      "medlong_ok": true,
      "both_ok": false,
      "combo_score": -59.77035290531241,
      "cfg_1m_ret": 49.0613604668267,
      "cfg_2m_ret": 60.72359641471796,
      "cfg_3m_ret": 72.18989987809894,
      "cfg_6m_ret": 57.32757806649982,
      "cfg_1y_ret": 233.2310207096835,
      "cfg_2y_ret": 83.16840128232317,
      "cfg_1m_dd": 8.27267070067973,
      "cfg_2m_dd": 16.376428800803208,
      "cfg_3m_dd": 16.376428800803154,
      "cfg_6m_dd": 38.2863293511513,
      "cfg_1y_dd": 38.28632935115127,
      "cfg_2y_dd": 56.09996962948073
    },
    {
      "id": "C03",
      "cap": 0.07,
      "enter": 0.76,
      "exit": 0.68,
      "enter_days": 3,
      "exit_days": 1,
      "short_ok": false,
      "medlong_ok": false,
      "both_ok": false,
      "combo_score": -77.64380117300975,
      "cfg_1m_ret": 49.0613604668267,
      "cfg_2m_ret": 60.72359641471796,
      "cfg_3m_ret": 60.58358807259834,
      "cfg_6m_ret": 47.34440770486194,
      "cfg_1y_ret": 217.37287129959023,
      "cfg_2y_ret": 109.56709517221479,
      "cfg_1m_dd": 8.27267070067973,
      "cfg_2m_dd": 16.376428800803208,
      "cfg_3m_dd": 16.376428800803186,
      "cfg_6m_dd": 40.715644776853665,
      "cfg_1y_dd": 40.7156447768536,
      "cfg_2y_dd": 50.6488353703105
    }
  ],
  "top10": [
    {
      "id": "C07",
      "cap": 0.08,
      "enter": 0.74,
      "exit": 0.66,