{
  "report_dir": "/home/chewy/projects/trading-compose-dev/research/reports/controlplane_dd_fix_sweep_20260329",
  "end_date": "2026-03-27",
  "windows": [
    "1y",
    "2y",
    "3y",
    "4y",
    "5y"
  ],
  "grid_size": 8,
  "accepted_count": 1,
  "baseline_v1": {
    "1y": {
      "final_equity": 23643.357697744024,
      "return_pct": 136.43357697744025,
      "maxdd_pct": 35.42609707057258,
      "events": 62.0
    },
    "2y": {
      "final_equity": 18241.95401664062,
      "return_pct": 82.41954016640618,
      "maxdd_pct": 45.27001774988935,
      "events": 114.0
    },
    "3y": {
      "final_equity": 16919.506419140034,
      "return_pct": 69.19506419140033,
      "maxdd_pct": 73.63070572481278,
      "events": 132.0
    },
    "4y": {
      "final_equity": 22991.29676854431,
      "return_pct": 129.9129676854431,
      "maxdd_pct": 73.6307057248128,
      "events": 261.0
    },
    "5y": {
      "final_equity": 18645.208444040833,
      "return_pct": 86.45208444040833,
      "maxdd_pct": 73.63070572481281,
      "events": 292.0
    }
  },
  "top10": [
    {
      "cap": 0.1,
      "enter": 0.72,
      "exit": 0.64,
      "enter_days": 3,
      "exit_days": 2,
      "gate_2y_dd": true,
      "gate_2y_ret": true,
      "accepted": true,
      "avg_return_diff_pct_vs_v1": 142.83458772509718,
      "avg_score_diff_vs_v1": 160.4174372943128,
      "v1_1y_ret": 136.43357697744025,
      "v1_1y_dd": 35.42609707057258,
      "v2_1y_ret": 439.30450968963225,
      "v2_1y_dd": 17.360492864386543,
      "v1_2y_ret": 82.41954016640618,
      "v1_2y_dd": 45.27001774988935,
      "v2_2y_ret": 153.83414788795423,
      "v2_2y_dd": 46.248557700462165,
      "v1_3y_ret": 69.19506419140033,
      "v1_3y_dd": 73.63070572481278,
      "v2_3y_ret": 227.28776443515062,
      "v2_3y_dd": 46.24855770046215,
      "v1_4y_ret": 129.9129676854431,
      "v1_4y_dd": 73.6307057248128,
      "v2_4y_ret": 284.76091054673225,
      "v2_4y_dd": 46.248557700462165,
      "v1_5y_ret": 86.45208444040833,
      "v1_5y_dd": 73.63070572481281,
      "v2_5y_ret": 113.39883952711469,
      "v2_5y_dd": 57.56781818304917
    },
    {
      "cap": 0.1,
      "enter": 0.7,
      "exit": 0.64,
      "enter_days": 3,
      "exit_days": 1,
      "gate_2y_dd": false,
      "gate_2y_ret": false,
      "accepted": false,
      "avg_return_diff_pct_vs_v1": -Infinity,
      "avg_score_diff_vs_v1": -Infinity,
      "v1_1y_ret": 136.43357697744025,
      "v1_1y_dd": 35.42609707057258,
      "v2_1y_ret": null,
      "v2_1y_dd": null,
      "v1_2y_ret": 82.41954016640618,
      "v1_2y_dd": 45.27001774988935,
      "v2_2y_ret": 75.69432396566427,
      "v2_2y_dd": 69.45442917570477,
      "v1_3y_ret": 69.19506419140033,
      "v1_3y_dd": 73.63070572481278,
      "v2_3y_ret": null,
      "v2_3y_dd": null,
      "v1_4y_ret": 129.9129676854431,
      "v1_4y_dd": 73.6307057248128,
      "v2_4y_ret": null,
      "v2_4y_dd": null,
      "v1_5y_ret": 86.45208444040833,
      "v1_5y_dd": 73.63070572481281,
      "v2_5y_ret": null,
      "v2_5y_dd": null
    },
    {
      "cap": 0.1,
      "enter": 0.7,
      "exit": 0.64,
      "enter_days": 3,
      "exit_days": 2,
      "gate_2y_dd": false,
      "gate_2y_ret": true,
      "accepted": false,
      "avg_return_diff_pct_vs_v1": -Infinity,
      "avg_score_diff_vs_v1": -Infinity,
      "v1_1y_ret": 136.43357697744025,
      "v1_1y_dd": 35.42609707057258,
      "v2_1y_ret": null,
      "v2_1y_dd": null,
      "v1_2y_ret": 82.41954016640618,
      "v1_2y_dd": 45.27001774988935,
      "v2_2y_ret": 126.1362708623718,
      "v2_2y_dd": 53.96192717741081,
      "v1_3y_ret": 69.19506419140033,
      "v1_3y_dd": 73.63070572481278,
      "v2_3y_ret": null,
      "v2_3y_dd": null,
      "v1_4y_ret": 129.9129676854431,
      "v1_4y_dd": 73.6307057248128,
      "v2_4y_ret": null,
      "v2_4y_dd": null,
      "v1_5y_ret": 86.45208444040833,
      "v1_5y_dd": 73.63070572481281,
      "v2_5y_ret": null,
      "v2_5y_dd": null
    },
    {
      "cap": 0.1,
      "enter": 0.72,
      "exit": 0.64,
      "enter_days": 3,
      "exit_days": 1,
      "gate_2y_dd": false,
      "gate_2y_ret": true,
      "accepted": false,
      "avg_return_diff_pct_vs_v1": -Infinity,
      "avg_score_diff_vs_v1": -Infinity,
      "v1_1y_ret": 136.43357697744025,
      "v1_1y_dd": 35.42609707057258,
      "v2_1y_ret": null,
      "v2_1y_dd": null,
      "v1_2y_ret": 82.41954016640618,
      "v1_2y_dd": 45.27001774988935,
      "v2_2y_ret": 97.21391372778365,
      "v2_2y_dd": 59.526546646945995,
      "v1_3y_ret": 69.19506419140033,
      "v1_3y_dd": 73.63070572481278,
      "v2_3y_ret": null,
      "v2_3y_dd": null,
      "v1_4y_ret": 129.9129676854431,
      "v1_4y_dd": 73.6307057248128,
      "v2_4y_ret": null,
      "v2_4y_dd": null,
      "v1_5y_ret": 86.45208444040833,
      "v1_5y_dd": 73.63070572481281,
      "v2_5y_ret": null,
      "v2_5y_dd": null
    },
    {
      "cap": 0.12,
      "enter": 0.7,
      "exit": 0.64,
      "enter_days": 3,
      "exit_days": 1,
      "gate_2y_dd": false,
      "gate_2y_ret": false,
      "accepted": false,
      "avg_return_diff_pct_vs_v1": -Infinity,
      "avg_score_diff_vs_v1": -Infinity,
      "v1_1y_ret": 136.43357697744025,
      "v1_1y_dd": 35.42609707057258,
      "v2_1y_ret": null,
      "v2_1y_dd": null,
      "v1_2y_ret": 82.41954016640618,
      "v1_2y_dd": 45.27001774988935,
      "v2_2y_ret": 69.43688087486575,
      "v2_2y_dd": 72.0194382559406,
      "v1_3y_ret": 69.19506419140033,
      "v1_3y_dd": 73.63070572481278,
      "v2_3y_ret": null,
      "v2_3y_dd": null,
      "v1_4y_ret": 129.9129676854431,
      "v1_4y_dd": 73.6307057248128,
      "v2_4y_ret": null,
      "v2_4y_dd": null,
      "v1_5y_ret": 86.45208444040833,
      "v1_5y_dd": 73.63070572481281,
      "v2_5y_ret": null,
      "v2_5y_dd": null
    },
    {
      "cap": 0.12,
      "enter": 0.7,
      "exit": 0.64,
      "enter_days": 3,
      "exit_days": 2,
      "gate_2y_dd": false,
      "gate_2y_ret": true,
      "accepted": false,
      "avg_return_diff_pct_vs_v1": -Infinity,
      "avg_score_diff_vs_v1": -Infinity,
      "v1_1y_ret": 136.43357697744025,
      "v1_1y_dd": 35.42609707057258,
      "v2_1y_ret": null,
      "v2_1y_dd": null,
      "v1_2y_ret": 82.41954016640618,
      "v1_2y_dd": 45.27001774988935,
      "v2_2y_ret": 118.08231206764583,
      "v2_2y_dd": 55.954785442028175,
      "v1_3y_ret": 69.19506419140033,
      "v1_3y_dd": 73.63070572481278,
      "v2_3y_ret": null,
      "v2_3y_dd": null,
      "v1_4y_ret": 129.9129676854431,
      "v1_4y_dd": 73.6307057248128,
      "v2_4y_ret": null,
      "v2_4y_dd": null,
      "v1_5y_ret": 86.45208444040833,
      "v1_5y_dd": 73.63070572481281,
      "v2_5y_ret": null,
      "v2_5y_dd": null
    },
    {
      "cap": 0.12,
      "enter": 0.72,
      "exit": 0.64,
      "enter_days": 3,
      "exit_days": 1,
      "gate_2y_dd": false,
      "gate_2y_ret": true,
      "accepted": false,
      "avg_return_diff_pct_vs_v1": -Infinity,
      "avg_score_diff_vs_v1": -Infinity,
      "v1_1y_ret": 136.43357697744025,
      "v1_1y_dd": 35.42609707057258,
      "v2_1y_ret": null,
      "v2_1y_dd": null,
      "v1_2y_ret": 82.41954016640618,
      "v1_2y_dd": 45.27001774988935,
      "v2_2y_ret": 90.19003945563355,
      "v2_2y_dd": 61.72491087621972,
      "v1_3y_ret": 69.19506419140033,
      "v1_3y_dd": 73.63070572481278,
      "v2_3y_ret": null,
      "v2_3y_dd": null,
      "v1_4y_ret": 129.9129676854431,
      "v1_4y_dd": 73.6307057248128,
      "v2_4y_ret": null,
      "v2_4y_dd": null,
      "v1_5y_ret": 86.45208444040833,
      "v1_5y_dd": 73.63070572481281,
      "v2_5y_ret": null,
      "v2_5y_dd": null
    },
    {
      "cap": 0.12,
      "enter": 0.72,
      "exit": 0.64,
      "enter_days": 3,
      "exit_days": 2,
      "gate_2y_dd": false,
      "gate_2y_ret": true,
      "accepted": false,
      "avg_return_diff_pct_vs_v1": -Infinity,
      "avg_score_diff_vs_v1": -Infinity,