{
  "report_dir": "/home/chewy/projects/trading-compose-dev/research/reports/short_window_overlay_sweep_20260329",
  "base_metrics": {
    "1m": {
      "final": 19508.989836837496,
      "ret": 95.08989836837496,
      "dd": 7.999528287601359
    },
    "2m": {
      "final": 21020.108235875323,
      "ret": 110.20108235875324,
      "dd": 8.66704569580889
    },
    "3m": {
      "final": 14624.546478507096,
      "ret": 46.245464785070965,
      "dd": 22.704213841574788
    },
    "6m": {
      "final": 14832.68094832519,
      "ret": 48.3268094832519,
      "dd": 29.04469260302352
    },
    "1y": {
      "final": 23643.357697744024,
      "ret": 136.43357697744025,
      "dd": 35.42609707057258
    },
    "2y": {
      "final": 18241.95401664062,
      "ret": 82.41954016640618,
      "dd": 45.27001774988935
    }
  },
  "count": 10,
  "top10": [
    {
      "name": "OVL07",
      "inverse_cap_weight": 0.65,
      "ramp_days": 3,
      "sticky_threshold_days": 4,
      "guard_enabled": true,
      "guard_rv20_ann": 0.85,
      "guard_chop_crossovers20": 8.0,
      "short_dd_ok": true,
      "medlong_ret_ok": true,
      "both_ok": true,
      "combo_score": 276.3276713296172,
      "base_1m_ret": 95.08989836837496,
      "base_1m_dd": 7.999528287601359,
      "cfg_1m_ret": 95.08989836837496,
      "cfg_1m_dd": 7.999528287601359,
      "base_2m_ret": 110.20108235875324,
      "base_2m_dd": 8.66704569580889,
      "cfg_2m_ret": 110.20108235875324,
      "cfg_2m_dd": 8.66704569580889,
      "base_3m_ret": 46.245464785070965,
      "base_3m_dd": 22.704213841574788,
      "cfg_3m_ret": 60.60009429269473,
      "cfg_3m_dd": 16.78336156232088,
      "base_6m_ret": 48.3268094832519,
      "base_6m_dd": 29.04469260302352,
      "cfg_6m_ret": 119.07465218696495,
      "cfg_6m_dd": 22.557120709298662,
      "base_1y_ret": 136.43357697744025,
      "base_1y_dd": 35.42609707057258,
      "cfg_1y_ret": 371.8764184983848,
      "cfg_1y_dd": 22.55712070929866,
      "base_2y_ret": 82.41954016640618,
      "base_2y_dd": 45.27001774988935,
      "cfg_2y_ret": 190.80156677998437,
      "cfg_2y_dd": 32.61753497927655
    },
    {
      "name": "OVL04",
      "inverse_cap_weight": 0.6,
      "ramp_days": 4,
      "sticky_threshold_days": 5,
      "guard_enabled": true,
      "guard_rv20_ann": 0.8,
      "guard_chop_crossovers20": 7.0,
      "short_dd_ok": true,
      "medlong_ret_ok": true,
      "both_ok": true,
      "combo_score": 193.14782135221466,
      "base_1m_ret": 95.08989836837496,
      "base_1m_dd": 7.999528287601359,
      "cfg_1m_ret": 95.08989836837496,
      "cfg_1m_dd": 7.999528287601359,
      "base_2m_ret": 110.20108235875324,
      "base_2m_dd": 8.66704569580889,
      "cfg_2m_ret": 98.545308531633,
      "cfg_2m_dd": 7.9995282876013505,
      "base_3m_ret": 46.245464785070965,
      "base_3m_dd": 22.704213841574788,
      "cfg_3m_ret": 51.66438855796267,
      "cfg_3m_dd": 22.814384850163435,
      "base_6m_ret": 48.3268094832519,
      "base_6m_dd": 29.04469260302352,
      "cfg_6m_ret": 106.8854524576437,
      "cfg_6m_dd": 28.92832017963966,
      "base_1y_ret": 136.43357697744025,
      "base_1y_dd": 35.42609707057258,
      "cfg_1y_ret": 325.8188126189177,
      "cfg_1y_dd": 28.92832017963964,
      "base_2y_ret": 82.41954016640618,
      "base_2y_dd": 45.27001774988935,
      "cfg_2y_ret": 198.63965260179964,
      "cfg_2y_dd": 33.404818756532144
    },
    {
      "name": "OVL08",
      "inverse_cap_weight": 0.55,
      "ramp_days": 2,
      "sticky_threshold_days": 4,
      "guard_enabled": true,
      "guard_rv20_ann": 0.8,
      "guard_chop_crossovers20": 8.0,
      "short_dd_ok": true,
      "medlong_ret_ok": true,
      "both_ok": true,
      "combo_score": 193.14782135221466,
      "base_1m_ret": 95.08989836837496,
      "base_1m_dd": 7.999528287601359,
      "cfg_1m_ret": 95.08989836837496,
      "cfg_1m_dd": 7.999528287601359,
      "base_2m_ret": 110.20108235875324,
      "base_2m_dd": 8.66704569580889,
      "cfg_2m_ret": 98.545308531633,
      "cfg_2m_dd": 7.9995282876013505,
      "base_3m_ret": 46.245464785070965,
      "base_3m_dd": 22.704213841574788,
      "cfg_3m_ret": 51.66438855796267,
      "cfg_3m_dd": 22.814384850163435,
      "base_6m_ret": 48.3268094832519,
      "base_6m_dd": 29.04469260302352,
      "cfg_6m_ret": 106.8854524576437,
      "cfg_6m_dd": 28.92832017963966,
      "base_1y_ret": 136.43357697744025,
      "base_1y_dd": 35.42609707057258,
      "cfg_1y_ret": 325.8188126189177,
      "cfg_1y_dd": 28.92832017963964,
      "base_2y_ret": 82.41954016640618,
      "base_2y_dd": 45.27001774988935,
      "cfg_2y_ret": 175.4859883223074,
      "cfg_2y_dd": 38.38764885590708
    },
    {
      "name": "OVL03",
      "inverse_cap_weight": 0.75,
      "ramp_days": 3,
      "sticky_threshold_days": 3,
      "guard_enabled": true,
      "guard_rv20_ann": 0.9,
      "guard_chop_crossovers20": 8.0,
      "short_dd_ok": false,
      "medlong_ret_ok": true,
      "both_ok": false,
      "combo_score": 267.1937955955149,
      "base_1m_ret": 95.08989836837496,
      "base_1m_dd": 7.999528287601359,
      "cfg_1m_ret": 95.08989836837496,
      "cfg_1m_dd": 7.999528287601359,
      "base_2m_ret": 110.20108235875324,
      "base_2m_dd": 8.66704569580889,
      "cfg_2m_ret": 85.93223680570499,
      "cfg_2m_dd": 12.901172034196703,
      "base_3m_ret": 46.245464785070965,
      "base_3m_dd": 22.704213841574788,
      "cfg_3m_ret": 70.77151313044905,
      "cfg_3m_dd": 12.9011720341967,
      "base_6m_ret": 48.3268094832519,
      "base_6m_dd": 29.04469260302352,
      "cfg_6m_ret": 132.94948864918973,
      "cfg_6m_dd": 17.451597363046695,
      "base_1y_ret": 136.43357697744025,
      "base_1y_dd": 35.42609707057258,
      "cfg_1y_ret": 401.76215868642703,
      "cfg_1y_dd": 17.451597363046698,
      "base_2y_ret": 82.41954016640618,
      "base_2y_dd": 45.27001774988935,
      "cfg_2y_ret": 208.39676467769084,
      "cfg_2y_dd": 30.78996796208829
    },
    {
      "name": "OVL01",
      "inverse_cap_weight": 0.75,
      "ramp_days": 3,
      "sticky_threshold_days": 3,
      "guard_enabled": false,
      "guard_rv20_ann": 0.0,
      "guard_chop_crossovers20": 0.0,
      "short_dd_ok": false,
      "medlong_ret_ok": true,
      "both_ok": false,
      "combo_score": 212.29601120201696,
      "base_1m_ret": 95.08989836837496,
      "base_1m_dd": 7.999528287601359,
      "cfg_1m_ret": 49.0613604668267,
      "cfg_1m_dd": 8.27267070067973,
      "base_2m_ret": 110.20108235875324,
      "base_2m_dd": 8.66704569580889,
      "cfg_2m_ret": 60.72359641471796,
      "cfg_2m_dd": 16.376428800803208,
      "base_3m_ret": 46.245464785070965,
      "base_3m_dd": 22.704213841574788,
      "cfg_3m_ret": 112.00832441858117,
      "cfg_3m_dd": 16.376428800803186,
      "base_6m_ret": 48.3268094832519,
      "base_6m_dd": 29.04469260302352,
      "cfg_6m_ret": 150.3790044416518,
      "cfg_6m_dd": 17.360492864386565,
      "base_1y_ret": 136.43357697744025,
      "base_1y_dd": 35.42609707057258,
      "cfg_1y_ret": 439.30450968963225,
      "cfg_1y_dd": 17.360492864386543,
      "base_2y_ret": 82.41954016640618,
      "base_2y_dd": 45.27001774988935,
      "cfg_2y_ret": 233.2992855159268,
      "cfg_2y_dd": 28.64660041399306
    },
    {
      "name": "OVL02",
      "inverse_cap_weight": 0.6,
      "ramp_days": 3,
      "sticky_threshold_days": 5,
      "guard_enabled": false,
      "guard_rv20_ann": 0.0,
      "guard_chop_crossovers20": 0.0,
      "short_dd_ok": false,
      "medlong_ret_ok": true,
      "both_ok": false,
      "combo_score": 212.29601120201696,
      "base_1m_ret": 95.08989836837496,
      "base_1m_dd": 7.999528287601359,
      "cfg_1m_ret": 49.0613604668267,
      "cfg_1m_dd": 8.27267070067973,
      "base_2m_ret": 110.20108235875324,
      "base_2m_dd": 8.66704569580889,
      "cfg_2m_ret": 60.72359641471796,
      "cfg_2m_dd": 16.376428800803208,
      "base_3m_ret": 46.245464785070965,