rule,orig_final_equity,orig_pnl,orig_return_pct,orig_maxdd_pct,strict_final_equity,strict_pnl,strict_return_pct,strict_maxdd_pct,switches,active_days,exposure_pct,penalty_cost_usd,penalty_days_missed_fill,delta_strict_pnl_vs_baseline,delta_strict_return_pct_vs_baseline
SOXL_MACD_hist_lag1_lt_0,57428.087258489104,47428.087258489104,474.280872584891,26.4053644402507,54148.72581065037,44148.72581065037,441.4872581065037,26.793993790230846,22,122,48.41269841269841,511.1004228123693,77,18637.480275188354,186.37480275188352
SOXL_MACD_hist_lag1_lt_0 & SOXL_Px_lt_EMA20_lag1,48482.91840507984,38482.91840507984,384.82918405079846,11.944512644242565,46218.219652605956,36218.219652605956,362.18219652605956,12.120535563466735,26,67,26.58730158730159,513.0373346886554,46,10706.974117143938,107.06974117143938
SOXL_ATRpct_lag1_gt_q40,44118.28629232033,34118.28629232033,341.18286292320323,28.487624139819943,41336.46794065591,31336.467940655908,313.36467940655905,28.759811437424858,23,150,59.523809523809526,388.44375017700804,88,5825.22240519389,58.25222405193887
SOXL_ATRpct_lag1_gt_q40 & SOXL_MACD_hist_lag1_lt_0 & SOXL_Px_lt_EMA20_lag1,41922.7697841694,31922.769784169395,319.2276978416939,11.94451264424257,40380.804051074534,30380.804051074534,303.80804051074534,12.120535563466714,20,53,21.03174603174603,378.639051577391,37,4869.558515612516,48.69558515612516
SOXL_Px_lt_EMA20_lag1,41978.32128554116,31978.321285541155,319.7832128554116,22.372118349371256,39819.945992676156,29819.945992676156,298.1994599267615,22.83651510038462,29,80,31.746031746031743,479.9419164968858,50,4308.700457214138,43.087004572141325
BASELINE_ALWAYS_ON,37907.50024518469,27907.50024518469,279.07500245184684,39.99122056015784,35511.24553546202,25511.245535462018,255.11245535462018,40.39571178036636,0,252,100.0,0.0,136,0.0,0.0
