rule,orig_final_equity,orig_pnl,orig_return_pct,orig_maxdd_pct,strict_final_equity,strict_pnl,strict_return_pct,strict_maxdd_pct,switches,active_days,exposure_pct,penalty_cost_usd,penalty_days_missed_fill,delta_strict_pnl_vs_baseline,delta_strict_return_pct_vs_baseline
SOXL_MACD_hist_lag1_lt_0,57428.087258489104,47428.087258489104,474.280872584891,26.4053644402507,49022.17914133185,39022.17914133185,390.22179141331844,27.441879615434793,22,122,48.41269841269841,241.43213796752752,77,19834.047468672954,198.34047468672946
SOXL_MACD_hist_lag1_lt_0 & SOXL_Px_lt_EMA20_lag1,48482.91840507984,38482.91840507984,384.82918405079846,11.944512644242565,43853.22434586157,33853.22434586157,338.53224345861565,12.032546117726474,26,67,26.58730158730159,249.42118493181806,46,14665.092673202675,146.65092673202668
SOXL_ATRpct_lag1_gt_q40 & SOXL_MACD_hist_lag1_lt_0 & SOXL_Px_lt_EMA20_lag1,41922.7697841694,31922.769784169395,319.2276978416939,11.94451264424257,38703.06212612179,28703.06212612179,287.0306212612179,12.03254611772647,20,53,21.03174603174603,185.402925801096,37,9514.930453462894,95.14930453462893
SOXL_Px_lt_EMA20_lag1,41978.32128554116,31978.321285541155,319.7832128554116,22.372118349371256,37618.58639794708,27618.58639794708,276.1858639794708,22.87466616587744,29,80,31.746031746031743,232.44921378739855,50,8430.454725288186,84.30454725288183
SOXL_ATRpct_lag1_gt_q40,44118.28629232033,34118.28629232033,341.18286292320323,28.487624139819943,36847.18880184006,26847.188801840057,268.4718880184006,29.49245196612309,23,150,59.523809523809526,184.01151150027727,88,7659.057129181161,76.59057129181161
BASELINE_ALWAYS_ON,37907.50024518469,27907.50024518469,279.07500245184684,39.99122056015784,29188.131672658896,19188.131672658896,191.88131672658898,41.59404717707373,0,252,100.0,0.0,136,0.0,0.0
