rule,orig_final_equity,orig_pnl,orig_return_pct,orig_maxdd_pct,strict_final_equity,strict_pnl,strict_return_pct,strict_maxdd_pct,switches,active_days,exposure_pct,penalty_cost_usd,penalty_days_missed_fill,delta_strict_pnl_vs_baseline,delta_strict_return_pct_vs_baseline
SOXL_MACD_hist_lag1_lt_0,57428.087258489104,47428.087258489104,474.280872584891,26.4053644402507,52769.69333451124,42769.69333451124,427.69693334511237,26.961770085466995,22,122,48.41269841269841,251.79449703234968,77,19504.272251153117,195.04272251153114
SOXL_MACD_hist_lag1_lt_0 & SOXL_Px_lt_EMA20_lag1,48482.91840507984,38482.91840507984,384.82918405079846,11.944512644242565,45812.1357135032,35812.1357135032,358.121357135032,12.032546117726485,26,67,26.58730158730159,255.39517840586268,46,12546.714630145078,125.46714630145075
SOXL_ATRpct_lag1_gt_q40,44118.28629232033,34118.28629232033,341.18286292320323,28.487624139819943,40089.55475662347,30089.554756623467,300.8955475662347,28.957358551576995,23,150,59.523809523809526,191.53866264203316,88,6824.1336732653435,68.24133673265348
SOXL_ATRpct_lag1_gt_q40 & SOXL_MACD_hist_lag1_lt_0 & SOXL_Px_lt_EMA20_lag1,41922.7697841694,31922.769784169395,319.2276978416939,11.94451264424257,40080.470455477065,30080.470455477065,300.80470455477064,12.032546117726474,20,53,21.03174603174603,188.70438833963453,37,6815.049372118941,68.1504937211894
SOXL_Px_lt_EMA20_lag1,41978.32128554116,31978.321285541155,319.7832128554116,22.372118349371256,39452.469098049565,29452.469098049565,294.5246909804957,22.720407179835828,29,80,31.746031746031743,238.76101836155794,50,6187.0480146914415,61.870480146914446
BASELINE_ALWAYS_ON,37907.50024518469,27907.50024518469,279.07500245184684,39.99122056015784,33265.421083358124,23265.421083358124,232.65421083358123,40.79767020573438,0,252,100.0,0.0,136,0.0,0.0
