rule,orig_final_equity,orig_pnl,orig_return_pct,orig_maxdd_pct,strict_final_equity,strict_pnl,strict_return_pct,strict_maxdd_pct,switches,active_days,exposure_pct,penalty_cost_usd,penalty_days_missed_fill,delta_strict_pnl_vs_baseline,delta_strict_return_pct_vs_baseline
SOXL_MACD_hist_lag1_lt_0,57428.087258489104,47428.087258489104,474.280872584891,26.4053644402507,53555.61651685173,43555.61651685173,435.55616516851734,26.867254737566576,22,122,48.41269841269841,761.8147163562735,77,18044.370981389715,180.44370981389716
SOXL_MACD_hist_lag1_lt_0 & SOXL_Px_lt_EMA20_lag1,48482.91840507984,38482.91840507984,384.82918405079846,11.944512644242565,45620.5290881052,35620.5290881052,356.20529088105195,12.208480981463268,26,67,26.58730158730159,763.8340027015729,46,10109.28355264318,101.09283552643177
SOXL_ATRpct_lag1_gt_q40,44118.28629232033,34118.28629232033,341.18286292320323,28.487624139819943,40863.2333271835,30863.2333271835,308.63233327183497,28.83110509176675,23,150,59.523809523809526,579.0225422022031,88,5351.9877917214835,53.519877917214785
SOXL_ATRpct_lag1_gt_q40 & SOXL_MACD_hist_lag1_lt_0 & SOXL_Px_lt_EMA20_lag1,41922.7697841694,31922.769784169395,319.2276978416939,11.94451264424257,39978.50796913707,29978.50796913707,299.7850796913707,12.208480981463293,20,53,21.03174603174603,564.7958096955845,37,4467.262433675052,44.672624336750516
SOXL_Px_lt_EMA20_lag1,41978.32128554116,31978.321285541155,319.7832128554116,22.372118349371256,39246.01044547309,29246.01044547309,292.46010445473087,23.029423716058616,29,80,31.746031746031743,713.9233399314599,50,3734.764910011072,37.34764910011069
BASELINE_ALWAYS_ON,37907.50024518469,27907.50024518469,279.07500245184684,39.99122056015784,35511.24553546202,25511.245535462018,255.11245535462018,40.39571178036636,0,252,100.0,0.0,136,0.0,0.0
