rule,orig_final_equity,orig_pnl,orig_return_pct,orig_maxdd_pct,strict_final_equity,strict_pnl,strict_return_pct,strict_maxdd_pct,switches,active_days,exposure_pct,penalty_cost_usd,penalty_days_missed_fill,delta_strict_pnl_vs_baseline,delta_strict_return_pct_vs_baseline
SOXL_MACD_hist_lag1_lt_0,57428.087258489104,47428.087258489104,474.280872584891,26.4053644402507,52537.87796188224,42537.87796188224,425.37877961882236,26.990997067933364,22,122,48.41269841269841,351.624176318237,77,19272.456878524114,192.72456878524113
SOXL_MACD_hist_lag1_lt_0 & SOXL_Px_lt_EMA20_lag1,48482.91840507984,38482.91840507984,384.82918405079846,11.944512644242565,45574.388637197364,35574.388637197364,355.7438863719736,12.067747179351825,26,67,26.58730158730159,356.4880603909605,46,12308.96755383924,123.08967553839236
SOXL_ATRpct_lag1_gt_q40 & SOXL_MACD_hist_lag1_lt_0 & SOXL_Px_lt_EMA20_lag1,41922.7697841694,31922.769784169395,319.2276978416939,11.94451264424257,39920.37292325767,29920.372923257673,299.20372923257673,12.067747179351827,20,53,21.03174603174603,263.59709247153296,37,6654.95183989955,66.5495183989955
SOXL_ATRpct_lag1_gt_q40,44118.28629232033,34118.28629232033,341.18286292320323,28.487624139819943,39905.45609667286,29905.45609667286,299.0545609667286,28.985786979243017,23,150,59.523809523809526,267.484350893812,88,6640.035013314737,66.40035013314738
SOXL_Px_lt_EMA20_lag1,41978.32128554116,31978.321285541155,319.7832128554116,22.372118349371256,39224.170503667345,29224.170503667345,292.24170503667347,22.79769449520086,29,80,31.746031746031743,333.150542171752,50,5958.749420309221,59.587494203092234
BASELINE_ALWAYS_ON,37907.50024518469,27907.50024518469,279.07500245184684,39.99122056015784,33265.421083358124,23265.421083358124,232.65421083358123,40.79767020573438,0,252,100.0,0.0,136,0.0,0.0
