rule,orig_final_equity,orig_pnl,orig_return_pct,orig_maxdd_pct,strict_final_equity,strict_pnl,strict_return_pct,strict_maxdd_pct,switches,active_days,exposure_pct,penalty_cost_usd,penalty_days_missed_fill,delta_strict_pnl_vs_baseline,delta_strict_return_pct_vs_baseline
SOXL_MACD_hist_lag1_lt_0,57428.087258489104,47428.087258489104,474.280872584891,26.4053644402507,47954.411893013246,37954.411893013246,379.5441189301324,27.586995819888553,22,122,48.41269841269841,715.3114528587812,77,18766.28022035435,187.66280220354344
SOXL_MACD_hist_lag1_lt_0 & SOXL_Px_lt_EMA20_lag1,48482.91840507984,38482.91840507984,384.82918405079846,11.944512644242565,42726.62316112553,32726.623161125528,327.26623161125525,12.208480981463268,26,67,26.58730158730159,737.2482593269378,46,13538.491488466632,135.38491488466627
SOXL_ATRpct_lag1_gt_q40 & SOXL_MACD_hist_lag1_lt_0 & SOXL_Px_lt_EMA20_lag1,41922.7697841694,31922.769784169395,319.2276978416939,11.94451264424257,37935.930599823085,27935.930599823085,279.35930599823087,12.20848098146328,20,53,21.03174603174603,550.0644521184004,37,8747.798927164189,87.47798927164189
SOXL_Px_lt_EMA20_lag1,41978.32128554116,31978.321285541155,319.7832128554116,22.372118349371256,36542.253306817816,26542.253306817816,265.42253306817815,23.259714491692076,29,80,31.746031746031743,685.8648871382757,50,7354.121634158921,73.54121634158918
SOXL_ATRpct_lag1_gt_q40,44118.28629232033,34118.28629232033,341.18286292320323,28.487624139819943,36008.54614419334,26008.546144193337,260.0854614419334,29.633467026901815,23,150,59.523809523809526,545.2493926357602,88,6820.414471534441,68.2041447153444
BASELINE_ALWAYS_ON,37907.50024518469,27907.50024518469,279.07500245184684,39.99122056015784,29188.131672658896,19188.131672658896,191.88131672658898,41.59404717707373,0,252,100.0,0.0,136,0.0,0.0
