switch_cost_bps,missed_fill_penalty_bps,rule,strict_pnl,strict_return_pct,strict_maxdd_pct,delta_strict_pnl_vs_baseline,switches,penalty_cost_usd
5,5,SOXL_MACD_hist_lag1_lt_0,44748.101859134425,447.48101859134425,26.72069616657605,19236.856323672408,22,257.1740781577919
5,10,SOXL_MACD_hist_lag1_lt_0,42769.69333451124,427.6969333451124,26.961770085466995,19504.27225115312,22,251.79449703234968
5,20,SOXL_MACD_hist_lag1_lt_0,39022.17914133185,390.2217914133184,27.441879615434797,19834.047468672958,22,241.43213796752752
10,5,SOXL_MACD_hist_lag1_lt_0,44148.72581065037,441.4872581065037,26.793993790230846,18637.480275188354,22,511.1004228123693
10,10,SOXL_MACD_hist_lag1_lt_0,42191.97667956792,421.9197667956792,27.034826574934435,18926.555596209797,22,500.4241043513503
10,20,SOXL_MACD_hist_lag1_lt_0,38485.48984939239,384.8548984939239,27.514455875344908,19297.35817673349,22,479.8583611462655
15,5,SOXL_MACD_hist_lag1_lt_0,43555.61651685173,435.5561651685173,26.867254737566576,18044.370981389715,22,761.8147163562735
15,10,SOXL_MACD_hist_lag1_lt_0,41620.3003203011,416.2030032030111,27.10784650874036,18354.87923694298,22,745.9235095970762
15,20,SOXL_MACD_hist_lag1_lt_0,37954.411893013246,379.5441189301324,27.586995819888557,18766.28022035435,22,715.3114528587812
