rule,scenarios,avg_strict_pnl,min_strict_pnl,max_strict_pnl,std_strict_pnl,avg_delta_vs_baseline,worst_delta_vs_baseline,avg_maxdd_pct,robust_score
SOXL_MACD_hist_lag1_lt_0,9,41610.721711639366,37954.411893013246,44748.101859134425,2539.3066827094344,18955.78894781302,18044.370981389715,27.114413241575946,42145.505468423624
SOXL_MACD_hist_lag1_lt_0 & SOXL_Px_lt_EMA20_lag1,9,34910.64089975382,32726.623161125528,36823.43580800029,1386.6760419942423,12255.708135927476,10109.28355264318,12.120520887552157,35228.23123402101
SOXL_ATRpct_lag1_gt_q40 & SOXL_MACD_hist_lag1_lt_0 & SOXL_Px_lt_EMA20_lag1,9,29461.199387652185,27935.930599823085,30786.944017827343,970.9789896512116,6806.266623825837,4467.262433675052,12.120520887552159,29422.436136194086
SOXL_ATRpct_lag1_gt_q40,9,29132.603489456367,26008.546144193337,31814.94213709535,2194.423158641958,6477.670725630021,5351.987791721484,29.11705733989699,28570.590689307537
SOXL_Px_lt_EMA20_lag1,9,28596.18594713947,26542.253306817816,30401.981298791747,1301.656643797412,5941.253183313125,3734.764910011072,22.93900719464574,28318.834116241873
